index,Parameter Name,a3,BE(13LamC)(MeV),BE-11.88MeV
32,GKW2_medium(rho1.5),9.428939819335938,11.880005828052859,5.828052858092292e-6
33,GKW3_medium(rho1.5),4.147300720214844,11.880102349466554,0.00010234946655351962
42,GKW2_medium(rho1.5)+Kohno2(k1.5),23.819427490234375,11.88004244222148,4.2442221479532805e-5
43,GKW3_medium(rho1.5)+Kohno3(k1.5),8.806533813476562,11.880073729017525,7.372901752411565e-5
