index,Parameter Name,a3,BE(13LamC)(MeV),BE-11.88MeV
32,GKW2_medium(rho1.5),56.25579833984375,11.880128923997162,0.00012892399716157854
33,GKW3_medium(rho1.5),40.82489013671875,11.88017149783478,0.00017149783477954372
42,GKW2_medium(rho1.5)+Kohno2(k1.5),51.82586669921875,11.88031476437709,0.0003147643770891051
43,GKW3_medium(rho1.5)+Kohno3(k1.5),35.99029541015625,11.880190520432421,0.00019052043242062666
