index,Parameter Name,a3,BE(13LamC)(MeV),BE-11.88MeV,Etot_HYP(MeV),Etot_core(MeV)
47,GKW2_medium(rho1.5)_a3tuned,56.455078125,11.882454392042519,0.002454392042517739,-101.76062149422353,-89.87816710218101
48,GKW3_medium(rho1.5)_a3tuned,38.7060546875,11.881657278625283,0.0016572786252826432,-101.7598243808063,-89.87816710218101
49,GKW2_medium(rho1.5)+Kohno2(k1.5)_a3tuned,52.158203125,11.878067941891885,-0.0019320581081156973,-101.7562350440729,-89.87816710218101
50,GKW3_medium(rho1.5)+Kohno3(k1.5)_a3tuned,36.5576171875,11.878616023188528,-0.0013839768114731754,-101.75678312536954,-89.87816710218101
